Location,HotelID,Name Hotel,Address,UserID,User,RatingURL Hotel
Hà Nội,686,Peridot Grand Luxury Boutique Hotel,"33 Đường Thành, Quận Hoàn Kiếm, Hà Nội, Việt Nam",1983,Khiet,10
Hà Nội,686,Peridot Grand Luxury Boutique Hotel,"33 Đường Thành, Quận Hoàn Kiếm, Hà Nội, Việt Nam",1790,Mamaala,6
Hà Nội,686,Peridot Grand Luxury Boutique Hotel,"33 Đường Thành, Quận Hoàn Kiếm, Hà Nội, Việt Nam",2270,Cam,7
Hà Nội,686,Peridot Grand Luxury Boutique Hotel,"33 Đường Thành, Quận Hoàn Kiếm, Hà Nội, Việt Nam",1406,Phan,9
Hà Nội,686,Peridot Grand Luxury Boutique Hotel,"33 Đường Thành, Quận Hoàn Kiếm, Hà Nội, Việt Nam",1284,Tran,6
Hà Nội,686,Peridot Grand Luxury Boutique Hotel,"33 Đường Thành, Quận Hoàn Kiếm, Hà Nội, Việt Nam",241,Thi,10
Hà Nội,686,Peridot Grand Luxury Boutique Hotel,"33 Đường Thành, Quận Hoàn Kiếm, Hà Nội, Việt Nam",984,Hoang,10
Hà Nội,686,Peridot Grand Luxury Boutique Hotel,"33 Đường Thành, Quận Hoàn Kiếm, Hà Nội, Việt Nam",4796,Loan,8
Hà Nội,686,Peridot Grand Luxury Boutique Hotel,"33 Đường Thành, Quận Hoàn Kiếm, Hà Nội, Việt Nam",3395,Ngọc,10
Hà Nội,686,Peridot Grand Luxury Boutique Hotel,"33 Đường Thành, Quận Hoàn Kiếm, Hà Nội, Việt Nam",984,Hoang,10
Hà Nội,2752,Splendid Star Grand Hotel and Spa,"14 Tho Xuong Lane, Au Trieu, Quận Hoàn Kiếm, Hà Nội, Việt Nam",6442,Việt,9
Hà Nội,2752,Splendid Star Grand Hotel and Spa,"14 Tho Xuong Lane, Au Trieu, Quận Hoàn Kiếm, Hà Nội, Việt Nam",5204,Minh,6
Hà Nội,2752,Splendid Star Grand Hotel and Spa,"14 Tho Xuong Lane, Au Trieu, Quận Hoàn Kiếm, Hà Nội, Việt Nam",4252,Nguyễn,6
Hà Nội,2752,Splendid Star Grand Hotel and Spa,"14 Tho Xuong Lane, Au Trieu, Quận Hoàn Kiếm, Hà Nội, Việt Nam",4333,Quan,7
Hà Nội,2752,Splendid Star Grand Hotel and Spa,"14 Tho Xuong Lane, Au Trieu, Quận Hoàn Kiếm, Hà Nội, Việt Nam",4684,Lâm,6
Hà Nội,2752,Splendid Star Grand Hotel and Spa,"14 Tho Xuong Lane, Au Trieu, Quận Hoàn Kiếm, Hà Nội, Việt Nam",6058,Lucy,9
Hà Nội,2752,Splendid Star Grand Hotel and Spa,"14 Tho Xuong Lane, Au Trieu, Quận Hoàn Kiếm, Hà Nội, Việt Nam",1214,Duong,8
Hà Nội,2752,Splendid Star Grand Hotel and Spa,"14 Tho Xuong Lane, Au Trieu, Quận Hoàn Kiếm, Hà Nội, Việt Nam",1762,Tú,8
Hà Nội,2752,Splendid Star Grand Hotel and Spa,"14 Tho Xuong Lane, Au Trieu, Quận Hoàn Kiếm, Hà Nội, Việt Nam",4242,Kim,9
Hà Nội,2752,Splendid Star Grand Hotel and Spa,"14 Tho Xuong Lane, Au Trieu, Quận Hoàn Kiếm, Hà Nội, Việt Nam",1431,Bui,7
Đà Nẵng,3028,Eden Ocean View Hotel Da Nang,"294 Vo Nguyen Giap Street, My An Ward, Ngu Hanh Son District, , Đà Nẵng, Việt Nam",2613,Thuy,5
Đà Nẵng,3028,Eden Ocean View Hotel Da Nang,"294 Vo Nguyen Giap Street, My An Ward, Ngu Hanh Son District, , Đà Nẵng, Việt Nam",243,Huyen,6
Đà Nẵng,3028,Eden Ocean View Hotel Da Nang,"294 Vo Nguyen Giap Street, My An Ward, Ngu Hanh Son District, , Đà Nẵng, Việt Nam",6209,Thao,7
Đà Nẵng,3028,Eden Ocean View Hotel Da Nang,"294 Vo Nguyen Giap Street, My An Ward, Ngu Hanh Son District, , Đà Nẵng, Việt Nam",2109,Kien,8
Đà Nẵng,3028,Eden Ocean View Hotel Da Nang,"294 Vo Nguyen Giap Street, My An Ward, Ngu Hanh Son District, , Đà Nẵng, Việt Nam",1530,Anh,7
Đà Nẵng,3028,Eden Ocean View Hotel Da Nang,"294 Vo Nguyen Giap Street, My An Ward, Ngu Hanh Son District, , Đà Nẵng, Việt Nam",2190,Linh,7
Đà Nẵng,3028,Eden Ocean View Hotel Da Nang,"294 Vo Nguyen Giap Street, My An Ward, Ngu Hanh Son District, , Đà Nẵng, Việt Nam",3724,Vũ,7
Đà Nẵng,3028,Eden Ocean View Hotel Da Nang,"294 Vo Nguyen Giap Street, My An Ward, Ngu Hanh Son District, , Đà Nẵng, Việt Nam",4383,Trieu,5
Đà Nẵng,3028,Eden Ocean View Hotel Da Nang,"294 Vo Nguyen Giap Street, My An Ward, Ngu Hanh Son District, , Đà Nẵng, Việt Nam",1932,Trần,5
Đà Nẵng,3028,Eden Ocean View Hotel Da Nang,"294 Vo Nguyen Giap Street, My An Ward, Ngu Hanh Son District, , Đà Nẵng, Việt Nam",5732,Billy,9
TP. Hồ Chí Minh,737,Saigon Luxury Apartment in Quận 1 - Dinh Độc Lập,"51 Nguyễn Thị Minh Khai Sailing Tower, Quận 1, TP. Hồ Chí Minh, Việt Nam",2854,Yi,8
TP. Hồ Chí Minh,737,Saigon Luxury Apartment in Quận 1 - Dinh Độc Lập,"51 Nguyễn Thị Minh Khai Sailing Tower, Quận 1, TP. Hồ Chí Minh, Việt Nam",1517,Konstantinos,6
TP. Hồ Chí Minh,737,Saigon Luxury Apartment in Quận 1 - Dinh Độc Lập,"51 Nguyễn Thị Minh Khai Sailing Tower, Quận 1, TP. Hồ Chí Minh, Việt Nam",2190,Linh,8
Nha Trang,3929,Nha Trang Seaview Penthouse Apartment,"60 Tran Phu, Nha Trang, Việt Nam",4856,Smaxrx,5
Nha Trang,3929,Nha Trang Seaview Penthouse Apartment,"60 Tran Phu, Nha Trang, Việt Nam",2347,Ольга,8
Nha Trang,3929,Nha Trang Seaview Penthouse Apartment,"60 Tran Phu, Nha Trang, Việt Nam",1833,Olga,6
Nha Trang,3929,Nha Trang Seaview Penthouse Apartment,"60 Tran Phu, Nha Trang, Việt Nam",4995,Aleksandr,5
Nha Trang,3929,Nha Trang Seaview Penthouse Apartment,"60 Tran Phu, Nha Trang, Việt Nam",2407,Mintaek,9
Huế,247,Imperial Hotel Hue,"8 Hung Vuong Boulevard, Huế, Việt Nam",3074,Sharon,8
Huế,247,Imperial Hotel Hue,"8 Hung Vuong Boulevard, Huế, Việt Nam",3033,Tuan,6
Huế,247,Imperial Hotel Hue,"8 Hung Vuong Boulevard, Huế, Việt Nam",4183,Richard,6
Huế,247,Imperial Hotel Hue,"8 Hung Vuong Boulevard, Huế, Việt Nam",2374,Mary,5
Huế,247,Imperial Hotel Hue,"8 Hung Vuong Boulevard, Huế, Việt Nam",6389,Mike,7
Huế,247,Imperial Hotel Hue,"8 Hung Vuong Boulevard, Huế, Việt Nam",3614,Elaine,8
Huế,247,Imperial Hotel Hue,"8 Hung Vuong Boulevard, Huế, Việt Nam",2521,David,4
Huế,247,Imperial Hotel Hue,"8 Hung Vuong Boulevard, Huế, Việt Nam",6307,Wayne,8
Huế,247,Imperial Hotel Hue,"8 Hung Vuong Boulevard, Huế, Việt Nam",2405,Brigitte,6
Huế,247,Imperial Hotel Hue,"8 Hung Vuong Boulevard, Huế, Việt Nam",2770,Không tên,6
Sa Pa,1507,Sapa Valley view hotel,"Mường Hoa 034, Sa Pa, Việt Nam",4252,Nguyễn,9
Sa Pa,1507,Sapa Valley view hotel,"Mường Hoa 034, Sa Pa, Việt Nam",3281,Hương,10
Sa Pa,1507,Sapa Valley view hotel,"Mường Hoa 034, Sa Pa, Việt Nam",361,Dương,8
Sa Pa,1507,Sapa Valley view hotel,"Mường Hoa 034, Sa Pa, Việt Nam",1006,Kiên,10
Sa Pa,1507,Sapa Valley view hotel,"Mường Hoa 034, Sa Pa, Việt Nam",1838,Phuong,10
Sa Pa,1507,Sapa Valley view hotel,"Mường Hoa 034, Sa Pa, Việt Nam",1838,Phuong,6
Sa Pa,1507,Sapa Valley view hotel,"Mường Hoa 034, Sa Pa, Việt Nam",3724,Vũ,10
Sa Pa,1507,Sapa Valley view hotel,"Mường Hoa 034, Sa Pa, Việt Nam",1623,Cho,10
Sa Pa,1507,Sapa Valley view hotel,"Mường Hoa 034, Sa Pa, Việt Nam",2754,Huyền,8
Sa Pa,1507,Sapa Valley view hotel,"Mường Hoa 034, Sa Pa, Việt Nam",200,Le,10
Phú Quốc,592,Nadine Phu Quoc Resort & Spa,"Group 4, Cua Lap, Duong Dong, Phú Quốc, Việt Nam",1284,Tran,6
Phú Quốc,592,Nadine Phu Quoc Resort & Spa,"Group 4, Cua Lap, Duong Dong, Phú Quốc, Việt Nam",442,Hung,8
Phú Quốc,592,Nadine Phu Quoc Resort & Spa,"Group 4, Cua Lap, Duong Dong, Phú Quốc, Việt Nam",6209,Thao,5
Phú Quốc,592,Nadine Phu Quoc Resort & Spa,"Group 4, Cua Lap, Duong Dong, Phú Quốc, Việt Nam",335,Thanh,8
Phú Quốc,592,Nadine Phu Quoc Resort & Spa,"Group 4, Cua Lap, Duong Dong, Phú Quốc, Việt Nam",4446,Trung,7
Phú Quốc,592,Nadine Phu Quoc Resort & Spa,"Group 4, Cua Lap, Duong Dong, Phú Quốc, Việt Nam",3816,Thuan,9
Phú Quốc,592,Nadine Phu Quoc Resort & Spa,"Group 4, Cua Lap, Duong Dong, Phú Quốc, Việt Nam",906,Huan,5
Phú Quốc,592,Nadine Phu Quoc Resort & Spa,"Group 4, Cua Lap, Duong Dong, Phú Quốc, Việt Nam",1519,Nhật,6
Phú Quốc,592,Nadine Phu Quoc Resort & Spa,"Group 4, Cua Lap, Duong Dong, Phú Quốc, Việt Nam",6430,Ha,8
Phú Quốc,592,Nadine Phu Quoc Resort & Spa,"Group 4, Cua Lap, Duong Dong, Phú Quốc, Việt Nam",5041,Nhung,8
Phú Quốc,3813,The Palmy Phu Quoc Resort & Spa,"Tran Hung Dao, Duong Dong, Phú Quốc, Việt Nam",4266,Toản,7
Phú Quốc,3813,The Palmy Phu Quoc Resort & Spa,"Tran Hung Dao, Duong Dong, Phú Quốc, Việt Nam",3395,Ngọc,8
Phú Quốc,3813,The Palmy Phu Quoc Resort & Spa,"Tran Hung Dao, Duong Dong, Phú Quốc, Việt Nam",4491,Yen,5
Phú Quốc,3813,The Palmy Phu Quoc Resort & Spa,"Tran Hung Dao, Duong Dong, Phú Quốc, Việt Nam",4797,Nguyen,8
Phú Quốc,3813,The Palmy Phu Quoc Resort & Spa,"Tran Hung Dao, Duong Dong, Phú Quốc, Việt Nam",5204,Minh,4
Phú Quốc,3813,The Palmy Phu Quoc Resort & Spa,"Tran Hung Dao, Duong Dong, Phú Quốc, Việt Nam",5715,Lê,6
Phú Quốc,3813,The Palmy Phu Quoc Resort & Spa,"Tran Hung Dao, Duong Dong, Phú Quốc, Việt Nam",5466,Bích,7
Phú Quốc,3813,The Palmy Phu Quoc Resort & Spa,"Tran Hung Dao, Duong Dong, Phú Quốc, Việt Nam",241,Thi,8
Phú Quốc,3813,The Palmy Phu Quoc Resort & Spa,"Tran Hung Dao, Duong Dong, Phú Quốc, Việt Nam",394,Ly,7
Phú Quốc,3813,The Palmy Phu Quoc Resort & Spa,"Tran Hung Dao, Duong Dong, Phú Quốc, Việt Nam",1571,Phạm,7
Phú Quốc,411,Saigon Phu Quoc Resort & Spa,"62 Tran Hung Dao, Duong Dong, Phú Quốc, Việt Nam",5204,Minh,9
Phú Quốc,411,Saigon Phu Quoc Resort & Spa,"62 Tran Hung Dao, Duong Dong, Phú Quốc, Việt Nam",1932,Trần,7
Phú Quốc,411,Saigon Phu Quoc Resort & Spa,"62 Tran Hung Dao, Duong Dong, Phú Quốc, Việt Nam",481,Đặng,7
Phú Quốc,411,Saigon Phu Quoc Resort & Spa,"62 Tran Hung Dao, Duong Dong, Phú Quốc, Việt Nam",3789,Tuấn,5
Phú Quốc,411,Saigon Phu Quoc Resort & Spa,"62 Tran Hung Dao, Duong Dong, Phú Quốc, Việt Nam",6442,Việt,8
Phú Quốc,411,Saigon Phu Quoc Resort & Spa,"62 Tran Hung Dao, Duong Dong, Phú Quốc, Việt Nam",2219,Đăng,9
Phú Quốc,411,Saigon Phu Quoc Resort & Spa,"62 Tran Hung Dao, Duong Dong, Phú Quốc, Việt Nam",282,Hà,6
Phú Quốc,411,Saigon Phu Quoc Resort & Spa,"62 Tran Hung Dao, Duong Dong, Phú Quốc, Việt Nam",6065,Nhi,9
Phú Quốc,411,Saigon Phu Quoc Resort & Spa,"62 Tran Hung Dao, Duong Dong, Phú Quốc, Việt Nam",4515,Son,5
Phú Quốc,411,Saigon Phu Quoc Resort & Spa,"62 Tran Hung Dao, Duong Dong, Phú Quốc, Việt Nam",3990,Mai,7
Hội An,1644,Hoi An Coco River Resort & Spa,"999 Tran Nhan Tong, Cam Thanh ward, Tp Hoi An, Cẩm Thanh, Hội An, Việt Nam",545,Jakub,6
Hội An,1644,Hoi An Coco River Resort & Spa,"999 Tran Nhan Tong, Cam Thanh ward, Tp Hoi An, Cẩm Thanh, Hội An, Việt Nam",984,Hoang,6
Hội An,1644,Hoi An Coco River Resort & Spa,"999 Tran Nhan Tong, Cam Thanh ward, Tp Hoi An, Cẩm Thanh, Hội An, Việt Nam",3360,Peter,7
Hội An,1644,Hoi An Coco River Resort & Spa,"999 Tran Nhan Tong, Cam Thanh ward, Tp Hoi An, Cẩm Thanh, Hội An, Việt Nam",984,Hoang,6
Hội An,1644,Hoi An Coco River Resort & Spa,"999 Tran Nhan Tong, Cam Thanh ward, Tp Hoi An, Cẩm Thanh, Hội An, Việt Nam",1640,Dontwaitfortomorrow,10
Hội An,3757,Hoi An Ancient House Village Resort and Spa,"Thanh Dong Hamlet -  Cam Thanh, Cẩm Thanh, Hội An, Việt Nam",533,Maya,6
Hội An,3757,Hoi An Ancient House Village Resort and Spa,"Thanh Dong Hamlet -  Cam Thanh, Cẩm Thanh, Hội An, Việt Nam",4848,Katie,7
Hội An,3757,Hoi An Ancient House Village Resort and Spa,"Thanh Dong Hamlet -  Cam Thanh, Cẩm Thanh, Hội An, Việt Nam",3297,Owel152,10
Hội An,3757,Hoi An Ancient House Village Resort and Spa,"Thanh Dong Hamlet -  Cam Thanh, Cẩm Thanh, Hội An, Việt Nam",1592,Dhafir,9
Hội An,3757,Hoi An Ancient House Village Resort and Spa,"Thanh Dong Hamlet -  Cam Thanh, Cẩm Thanh, Hội An, Việt Nam",2849,Mette,6
Hội An,3757,Hoi An Ancient House Village Resort and Spa,"Thanh Dong Hamlet -  Cam Thanh, Cẩm Thanh, Hội An, Việt Nam",806,Katherine,6
Hội An,3757,Hoi An Ancient House Village Resort and Spa,"Thanh Dong Hamlet -  Cam Thanh, Cẩm Thanh, Hội An, Việt Nam",727,Tracey,10
Hội An,3757,Hoi An Ancient House Village Resort and Spa,"Thanh Dong Hamlet -  Cam Thanh, Cẩm Thanh, Hội An, Việt Nam",3872,Rebecca,8
Hội An,3757,Hoi An Ancient House Village Resort and Spa,"Thanh Dong Hamlet -  Cam Thanh, Cẩm Thanh, Hội An, Việt Nam",712,Abbey,8
Hội An,3757,Hoi An Ancient House Village Resort and Spa,"Thanh Dong Hamlet -  Cam Thanh, Cẩm Thanh, Hội An, Việt Nam",4626,Michael,9
Hội An,4328,Hoi An Ancient House Resort & Spa,"377 Cua Dai, Cẩm Châu, Hội An, Việt Nam",4817,Oanh,7
Hội An,4328,Hoi An Ancient House Resort & Spa,"377 Cua Dai, Cẩm Châu, Hội An, Việt Nam",243,Huyen,6
Hội An,4328,Hoi An Ancient House Resort & Spa,"377 Cua Dai, Cẩm Châu, Hội An, Việt Nam",241,Thi,8
Hội An,4328,Hoi An Ancient House Resort & Spa,"377 Cua Dai, Cẩm Châu, Hội An, Việt Nam",3990,Mai,8
Hội An,4328,Hoi An Ancient House Resort & Spa,"377 Cua Dai, Cẩm Châu, Hội An, Việt Nam",603,Tâm,9
Hội An,4328,Hoi An Ancient House Resort & Spa,"377 Cua Dai, Cẩm Châu, Hội An, Việt Nam",6430,Ha,6
Hội An,4328,Hoi An Ancient House Resort & Spa,"377 Cua Dai, Cẩm Châu, Hội An, Việt Nam",361,Dương,6
Hội An,4328,Hoi An Ancient House Resort & Spa,"377 Cua Dai, Cẩm Châu, Hội An, Việt Nam",574,Ng,6
Hội An,4328,Hoi An Ancient House Resort & Spa,"377 Cua Dai, Cẩm Châu, Hội An, Việt Nam",2060,Agentp,8
Hội An,4328,Hoi An Ancient House Resort & Spa,"377 Cua Dai, Cẩm Châu, Hội An, Việt Nam",1689,Trọng,9
Hội An,4328,Hoi An Ancient House Resort & Spa,"377 Cua Dai, Cẩm Châu, Hội An, Việt Nam",4817,Oanh,7
Hội An,4328,Hoi An Ancient House Resort & Spa,"377 Cua Dai, Cẩm Châu, Hội An, Việt Nam",243,Huyen,9
Hội An,4328,Hoi An Ancient House Resort & Spa,"377 Cua Dai, Cẩm Châu, Hội An, Việt Nam",241,Thi,5
Hội An,4328,Hoi An Ancient House Resort & Spa,"377 Cua Dai, Cẩm Châu, Hội An, Việt Nam",3990,Mai,7
Hội An,4328,Hoi An Ancient House Resort & Spa,"377 Cua Dai, Cẩm Châu, Hội An, Việt Nam",603,Tâm,8
Hội An,4328,Hoi An Ancient House Resort & Spa,"377 Cua Dai, Cẩm Châu, Hội An, Việt Nam",6430,Ha,9
Hội An,4328,Hoi An Ancient House Resort & Spa,"377 Cua Dai, Cẩm Châu, Hội An, Việt Nam",361,Dương,5
Hội An,4328,Hoi An Ancient House Resort & Spa,"377 Cua Dai, Cẩm Châu, Hội An, Việt Nam",574,Ng,5
Hội An,4328,Hoi An Ancient House Resort & Spa,"377 Cua Dai, Cẩm Châu, Hội An, Việt Nam",2060,Agentp,8
Hội An,4328,Hoi An Ancient House Resort & Spa,"377 Cua Dai, Cẩm Châu, Hội An, Việt Nam",1689,Trọng,5
Hội An,151,Saclo Villa and Hostel,"15 Tran Khat Chan, Cam Chau Ward, Cẩm Châu, Hội An, Việt Nam",4840,Bảo,6
Hội An,151,Saclo Villa and Hostel,"15 Tran Khat Chan, Cam Chau Ward, Cẩm Châu, Hội An, Việt Nam",3395,Ngọc,10
Hội An,151,Saclo Villa and Hostel,"15 Tran Khat Chan, Cam Chau Ward, Cẩm Châu, Hội An, Việt Nam",5518,Tiffany,9
Hội An,151,Saclo Villa and Hostel,"15 Tran Khat Chan, Cam Chau Ward, Cẩm Châu, Hội An, Việt Nam",1048,Honghanhh,10
Hội An,151,Saclo Villa and Hostel,"15 Tran Khat Chan, Cam Chau Ward, Cẩm Châu, Hội An, Việt Nam",4446,Trung,7
Hội An,151,Saclo Villa and Hostel,"15 Tran Khat Chan, Cam Chau Ward, Cẩm Châu, Hội An, Việt Nam",2659,Lulô,6
Hội An,151,Saclo Villa and Hostel,"15 Tran Khat Chan, Cam Chau Ward, Cẩm Châu, Hội An, Việt Nam",1335,Phượng,9
Hội An,151,Saclo Villa and Hostel,"15 Tran Khat Chan, Cam Chau Ward, Cẩm Châu, Hội An, Việt Nam",2770,Không tên,8
Hội An,151,Saclo Villa and Hostel,"15 Tran Khat Chan, Cam Chau Ward, Cẩm Châu, Hội An, Việt Nam",1433,Magali,7
Hội An,151,Saclo Villa and Hostel,"15 Tran Khat Chan, Cam Chau Ward, Cẩm Châu, Hội An, Việt Nam",2583,Arne,9
Đà Nẵng,3148,Angel Hotel Da Nang,"187-189 Ho Nghinh, Đà Nẵng, Việt Nam",1762,Tú,8
Đà Nẵng,3148,Angel Hotel Da Nang,"187-189 Ho Nghinh, Đà Nẵng, Việt Nam",750,Dang,8
Đà Nẵng,3148,Angel Hotel Da Nang,"187-189 Ho Nghinh, Đà Nẵng, Việt Nam",1416,Thị,4
Đà Nẵng,3148,Angel Hotel Da Nang,"187-189 Ho Nghinh, Đà Nẵng, Việt Nam",241,Thi,8
Đà Nẵng,3148,Angel Hotel Da Nang,"187-189 Ho Nghinh, Đà Nẵng, Việt Nam",3451,Quỳnh,5
Đà Nẵng,3148,Angel Hotel Da Nang,"187-189 Ho Nghinh, Đà Nẵng, Việt Nam",1762,Tú,5
Đà Nẵng,3148,Angel Hotel Da Nang,"187-189 Ho Nghinh, Đà Nẵng, Việt Nam",1435,Lim,4
Đà Nẵng,3148,Angel Hotel Da Nang,"187-189 Ho Nghinh, Đà Nẵng, Việt Nam",4201,Edward,4
Đà Nẵng,3148,Angel Hotel Da Nang,"187-189 Ho Nghinh, Đà Nẵng, Việt Nam",1928,Gustavo,7
Đà Nẵng,3148,Angel Hotel Da Nang,"187-189 Ho Nghinh, Đà Nẵng, Việt Nam",2560,Andrea1217,4
Vũng Tàu,1557,Blue Sea Villa Vũng Tàu 2,"5 Trần Quý Cáp, Vũng Tàu, Việt Nam",3068,Gianni,8
Vũng Tàu,1557,Blue Sea Villa Vũng Tàu 2,"5 Trần Quý Cáp, Vũng Tàu, Việt Nam",3167,Hạ,7
Vũng Tàu,1557,Blue Sea Villa Vũng Tàu 2,"5 Trần Quý Cáp, Vũng Tàu, Việt Nam",6104,Ngân,7
Vũng Tàu,1557,Blue Sea Villa Vũng Tàu 2,"5 Trần Quý Cáp, Vũng Tàu, Việt Nam",6065,Nhi,7
Vũng Tàu,1557,Blue Sea Villa Vũng Tàu 2,"5 Trần Quý Cáp, Vũng Tàu, Việt Nam",2770,Không tên,7
Vũng Tàu,1557,Blue Sea Villa Vũng Tàu 2,"5 Trần Quý Cáp, Vũng Tàu, Việt Nam",1214,Duong,8
Vũng Tàu,3869,Hai Duong Intourco Resort,"01 Thuy Van, Vũng Tàu, Việt Nam",5915,Huy,4
Vũng Tàu,3869,Hai Duong Intourco Resort,"01 Thuy Van, Vũng Tàu, Việt Nam",371,Huongle78,6
Vũng Tàu,3869,Hai Duong Intourco Resort,"01 Thuy Van, Vũng Tàu, Việt Nam",1571,Phạm,8
Vũng Tàu,3869,Hai Duong Intourco Resort,"01 Thuy Van, Vũng Tàu, Việt Nam",638,Long,8
Vũng Tàu,3869,Hai Duong Intourco Resort,"01 Thuy Van, Vũng Tàu, Việt Nam",4242,Kim,7
Vũng Tàu,3869,Hai Duong Intourco Resort,"01 Thuy Van, Vũng Tàu, Việt Nam",335,Thanh,4
Vũng Tàu,3869,Hai Duong Intourco Resort,"01 Thuy Van, Vũng Tàu, Việt Nam",4085,Xuan,5
Vũng Tàu,3869,Hai Duong Intourco Resort,"01 Thuy Van, Vũng Tàu, Việt Nam",4505,Phuoc,5
Vũng Tàu,3869,Hai Duong Intourco Resort,"01 Thuy Van, Vũng Tàu, Việt Nam",241,Thi,4
Vũng Tàu,3869,Hai Duong Intourco Resort,"01 Thuy Van, Vũng Tàu, Việt Nam",1143,Hồng,7
